{
    "train_MSE": 1438.5888019422891,
    "test_MSE": 1498.2666085227213,
    "validation_MSE": 1295.2990646275648
}
