{"mae": 293.44691731954725, "mse": 327818.99275443336}