{"mae": 391.5341618735156, "mse": 423423.9428589275}