{"mae": 332.8398253076456, "mse": 297378.62683828146}