{"mae": 360.04593753509283, "mse": 392390.5179081659}