{"mae": 350.53304980944625, "mse": 359005.1593282603}