{"mae": 499.7023964641622, "mse": 539636.7963702356}