{"mae": 265.98295282440796, "mse": 272961.2424348104}