{"mae": 360.9696212227312, "mse": 438914.1265567029}