{"mae": 279.5807119916502, "mse": 281456.79517869797}